age,sex,cp,trestbps,chol,target
67,0,0,198,429,0
57,0,2,142,294,0
43,1,3,113,394,1
71,1,2,179,488,0
36,1,2,185,170,1
49,0,0,156,470,1
67,1,3,154,306,0
47,1,1,197,295,0
51,1,0,142,481,1
39,0,1,164,316,0
39,1,2,94,280,1
52,1,2,189,547,0
64,0,0,106,313,0
68,1,0,187,132,0
52,1,1,180,258,1
31,0,3,144,360,0
50,1,1,149,170,1
30,0,0,176,439,1
52,0,1,155,374,1
72,1,0,125,156,1
58,1,1,123,148,0
66,1,0,122,551,1
30,1,0,142,519,1
49,0,0,138,285,0
61,1,3,186,488,1
40,0,1,123,562,0
50,1,1,109,283,1
72,1,1,133,164,0
53,1,0,112,540,1
77,0,1,111,207,0
55,1,1,94,481,1
70,1,0,171,383,1
56,1,2,140,331,0
44,1,0,159,202,0
43,0,1,185,137,0
75,1,0,187,420,0
72,0,2,131,349,1
31,0,0,144,138,1
65,0,1,156,171,0
35,0,2,97,280,1
49,0,3,94,238,0
37,0,1,101,358,0
67,1,2,122,142,1
46,0,2,148,485,1
32,0,3,196,348,1
53,0,0,96,479,1
42,1,0,125,313,1
37,1,1,103,469,1
54,0,3,167,490,1
30,1,0,176,288,0
48,0,3,127,451,0
56,0,0,190,539,0
75,1,2,180,199,0
35,0,0,148,358,0
72,1,3,185,349,1
36,1,2,125,444,0
75,0,2,143,537,0
63,0,2,100,185,0
42,1,3,186,460,0
45,0,1,101,347,0
64,0,1,158,162,0
68,0,1,150,403,0
32,1,3,160,321,1
30,1,2,181,529,1
34,0,1,180,477,0
70,1,3,152,367,1
32,1,1,165,449,1
57,1,0,147,344,1
46,1,1,194,317,1
54,1,1,160,142,0
72,0,2,144,137,1
62,0,3,190,531,1
38,0,2,185,526,1
64,1,2,101,519,0
42,1,2,127,499,0
59,0,2,128,318,0
76,1,2,189,147,0
43,0,1,181,245,0
36,0,2,171,335,0
42,0,2,125,431,0
51,1,3,139,395,1
68,1,0,109,317,1
49,0,1,161,300,1
44,0,1,130,410,0
73,0,1,147,329,0
46,0,2,178,289,0
75,1,2,107,376,0
52,1,2,188,352,0
54,0,3,148,561,1
53,0,0,141,506,1
73,1,2,175,132,0
69,1,0,100,154,0
57,0,3,167,520,0
43,0,1,100,158,0
73,0,2,126,259,1
29,1,0,116,492,0
53,1,0,178,204,0
35,1,2,112,541,0
37,0,1,112,560,0
52,0,1,129,183,1
29,1,1,122,151,0
72,1,3,153,555,0
36,0,0,175,351,1
52,1,0,95,410,1
39,1,0,94,129,1
45,0,3,140,224,0
36,1,0,162,522,0
63,0,3,113,164,1
63,0,1,104,396,1
61,0,2,199,500,1
33,0,0,95,410,1
70,0,0,160,282,1
67,0,1,180,200,1
69,0,2,105,497,0
56,1,3,113,413,0
35,0,2,98,255,0
37,0,1,130,300,1
36,1,1,131,209,1
40,1,2,187,147,1
62,1,3,102,152,1
61,0,3,191,320,1
76,1,0,146,462,1
51,0,3,137,507,0
52,0,2,192,361,0
65,0,1,179,217,1
63,0,0,117,146,0
72,1,0,174,428,1
68,1,1,167,482,0
50,0,3,123,209,1
55,0,1,152,387,1
63,0,3,180,272,0
29,1,1,189,512,0
63,0,2,174,382,1
65,0,3,174,183,1
75,1,2,107,505,0
42,1,0,102,547,0
31,0,1,133,140,1
29,1,0,159,287,0
33,1,0,118,288,1
54,0,0,196,445,1
42,1,0,166,406,1
67,0,1,115,405,1
55,1,0,97,137,0
37,0,1,119,399,0
43,0,1,151,396,0
43,0,2,122,333,0
54,1,3,191,152,0
70,0,3,180,197,0
41,1,1,130,185,0
60,0,2,168,555,1
67,0,1,163,270,0
77,1,1,111,218,0
60,0,1,178,434,1
32,0,2,135,133,0
58,1,3,193,204,0
65,0,2,134,152,1
51,0,0,131,299,0
67,0,2,127,175,0
73,0,2,110,324,0
43,1,2,130,512,1
71,1,2,118,474,0
57,0,3,195,553,0
64,1,0,169,306,1
41,0,3,180,149,0
60,1,3,199,441,1
35,0,2,179,503,1
50,0,1,178,512,0
56,0,1,120,529,1
30,0,3,150,171,1
70,0,3,124,140,0
73,0,2,99,278,1
34,1,3,184,347,1
56,0,2,133,331,0
56,1,1,191,398,0
72,0,1,105,507,0
72,1,0,146,361,1
48,1,1,164,465,0
58,1,3,103,353,1
39,0,1,138,134,1
56,0,2,110,291,1
53,1,1,119,557,1
67,0,0,178,444,1
61,1,1,185,339,1
29,0,2,155,242,1
55,1,2,139,511,0
41,1,3,157,469,0
69,0,1,95,197,1
31,1,2,147,520,1
67,0,0,158,189,0
34,1,3,144,330,1
36,1,0,146,334,0
55,0,1,129,197,0
37,0,1,119,402,0
65,0,1,122,399,1
61,1,3,114,445,1
70,0,2,104,463,0
72,1,3,133,491,0
52,1,0,104,220,0
43,0,3,129,291,0
60,0,0,152,157,0
60,1,3,132,136,1
52,1,2,197,426,0
69,0,0,192,342,1
77,0,1,147,414,0
77,0,1,191,227,1
40,0,3,148,550,1
67,0,1,117,517,1
30,1,0,115,392,1
31,1,1,162,339,1
77,1,2,149,304,1
65,1,2,126,213,0
77,0,3,129,166,1
45,0,0,113,526,0
77,0,2,176,201,1
30,1,2,192,502,1
30,1,0,174,171,0
56,0,1,155,285,1
51,0,1,191,205,0
65,1,3,166,435,0
60,1,1,119,211,0
61,0,0,159,217,0
29,0,2,166,273,1
47,1,1,166,286,1
30,0,3,133,327,0
72,0,1,110,549,1
54,0,0,94,541,1
60,1,3,182,367,0
34,1,1,154,478,1
60,1,3,136,127,0
32,1,0,197,350,0
39,1,2,135,414,1
45,1,0,118,358,1
66,1,0,132,539,1
52,0,0,128,542,0
33,0,0,96,202,0
62,0,2,194,241,1
34,0,2,137,279,1
50,0,3,144,531,1
39,0,1,187,228,1
76,0,2,195,319,0
44,1,2,191,291,1
61,1,1,105,484,0
37,0,2,112,215,0
34,0,0,194,299,1
44,1,0,137,247,1
57,0,1,152,268,1
31,0,3,142,231,0
48,1,3,154,500,1
64,0,1,110,553,1
47,1,1,167,430,0
54,0,0,150,485,1
31,1,3,148,442,0
47,1,2,140,248,1
48,1,0,105,515,0
60,0,1,155,134,1
35,1,3,173,387,1
69,0,2,181,198,0
61,0,2,176,484,0
68,0,0,101,348,1
67,0,3,188,541,0
46,1,3,114,166,0
68,1,1,174,495,0
29,0,3,180,329,0
39,0,3,194,389,1
56,1,0,173,453,1
53,0,3,163,303,0
51,1,2,165,473,0
59,0,0,118,443,0
58,0,0,175,209,0
70,1,1,182,443,1
63,0,3,105,236,1
35,1,1,108,376,0
44,0,2,152,508,0
54,0,0,119,132,0
76,0,0,198,209,1
77,1,0,119,333,0
30,0,2,140,513,1
29,0,2,125,515,0
76,0,1,103,439,1
40,0,1,109,147,0
33,1,1,164,535,1
65,1,3,110,508,0
60,0,0,116,128,0
37,1,0,119,252,0
69,0,1,178,422,1
63,0,0,179,313,0
47,0,1,100,487,1
76,1,3,107,139,1
44,1,3,172,137,0
31,1,2,100,212,0
48,1,3,102,137,0
52,1,1,141,522,1
61,1,3,165,150,0
52,1,2,152,426,1
39,1,0,180,368,1
77,1,1,186,247,0
36,0,0,175,272,0
64,1,2,188,180,0
66,1,2,187,363,0
68,1,2,132,481,0
48,1,0,192,298,0
63,1,0,111,517,1
76,1,0,152,346,1
53,1,0,199,244,1
63,1,2,196,434,0
53,1,2,110,308,1
57,1,1,107,413,1
46,1,1,124,432,1
74,0,0,117,425,1
46,0,3,192,207,1
30,1,3,153,527,0
63,1,2,138,336,0
44,0,2,191,275,1
69,1,2,96,162,1
64,0,1,130,477,1
61,0,1,136,437,0
32,0,2,133,486,0
61,0,2,183,184,1
42,0,2,148,256,0
49,1,3,180,537,0
76,0,1,132,327,1
48,1,3,108,368,0
36,1,3,97,160,0
35,0,2,186,218,1
31,0,2,179,563,0
45,1,0,118,332,0
61,0,0,106,478,1
76,0,3,175,516,0
40,1,1,126,457,0
50,1,2,109,430,1
50,0,2,135,475,1
74,1,3,159,338,1
58,0,0,148,284,0
66,0,1,192,149,1
66,0,0,135,529,0
73,1,0,127,418,1
36,1,0,123,129,0
55,1,0,106,345,1
55,1,2,106,489,1
62,1,2,111,507,1
49,0,0,125,145,1
58,0,1,189,277,0
61,0,3,192,175,1
56,0,1,132,302,1
75,1,1,139,560,0
61,0,1,122,221,1
33,1,0,155,230,0
76,0,2,186,545,1
47,1,1,155,375,1
32,1,0,150,242,1
63,0,1,109,479,0
77,0,1,149,353,1
45,0,0,103,191,1
72,0,2,123,460,1
56,1,2,118,543,0
58,0,3,196,545,0
57,0,0,177,387,1
74,1,3,98,420,0
34,0,3,158,551,1
63,0,3,187,368,1
69,0,2,142,496,1
65,0,0,96,311,1
52,0,3,138,371,1
57,1,0,107,250,1
77,0,0,123,393,1
74,0,2,161,256,0
59,0,3,111,362,0
63,0,3,155,143,0
61,0,0,130,165,0
49,1,1,118,146,0
60,0,2,141,524,0
51,1,2,158,350,0
61,1,2,146,480,1
31,0,2,172,407,1
46,0,3,166,133,1
53,0,3,108,225,1
70,0,1,142,365,0
59,1,2,181,212,0
31,0,2,161,423,1
68,0,0,105,553,1
74,0,3,152,139,0
52,0,2,130,459,1
60,0,1,154,127,1
75,0,1,194,500,1
50,1,3,136,418,1
51,1,1,163,450,0
30,0,1,132,547,1
55,0,3,149,166,1
70,0,2,156,443,0
30,1,2,139,441,0
54,0,1,181,506,1
45,1,1,104,236,0
68,0,2,155,139,1
61,0,3,170,356,1
37,0,1,191,209,0
71,0,0,118,255,1
76,1,3,164,356,1
67,1,1,145,451,1
57,0,1,97,270,1
70,0,0,152,504,0
54,1,0,165,470,0
63,1,2,113,153,1
53,1,3,186,191,0
52,1,3,156,288,1
41,0,2,147,354,1
35,1,3,167,386,1
64,0,3,191,549,1
73,1,3,150,289,1
48,1,3,183,426,0
29,1,3,134,532,1
36,1,0,96,428,0
74,1,3,99,412,0
44,0,0,98,520,1
42,0,3,98,135,1
40,1,2,147,320,1
51,1,1,140,243,1
43,0,0,180,395,1
56,1,3,142,205,0
62,1,2,102,218,1
30,0,1,192,391,1
60,1,0,113,457,0
51,1,1,154,475,0
50,0,2,199,486,1
53,0,0,128,382,0
50,0,1,143,258,1
50,1,3,175,401,0
77,0,0,155,389,0
70,0,1,110,296,1
34,0,2,181,126,0
43,0,2,96,438,0
71,0,0,125,189,0
65,0,1,192,499,0
61,1,0,195,409,0
36,1,0,106,246,0
72,0,1,182,232,1
72,0,1,166,546,1
33,0,3,161,300,0
67,1,1,107,329,1
32,1,2,194,290,1
34,1,0,191,430,1
73,1,0,104,245,0
60,1,2,198,169,1
58,1,1,149,437,0
75,1,2,160,281,1
63,1,2,185,492,0
68,1,3,122,332,0
44,0,2,102,515,1
41,0,0,160,233,1
70,0,2,118,376,0
58,0,0,191,529,1
47,1,0,169,495,1
45,1,0,135,459,1
47,0,1,102,255,0
56,1,3,172,418,0
54,0,0,133,145,1
65,1,0,118,407,1
54,0,1,98,410,1
51,1,0,104,126,0
37,1,2,152,244,0
40,0,2,191,160,1
29,1,3,181,323,1
29,0,0,172,370,1
75,0,1,131,184,1
62,0,2,165,450,1
60,0,1,98,286,1
76,1,1,141,304,0
53,1,2,183,331,1
68,1,1,111,137,0
73,0,2,163,401,1
29,1,1,130,306,1
44,0,2,153,367,0
67,1,0,141,341,0
33,1,3,170,376,0
50,1,2,121,424,0
57,0,2,162,251,1
31,1,3,170,342,0
40,1,2,174,431,1
54,0,2,133,410,0
44,1,1,138,310,1
65,0,3,189,164,1
50,1,0,155,348,1
57,0,2,186,309,1
42,0,3,151,552,1
56,1,1,160,303,1
33,0,0,149,532,0
75,0,3,133,553,1
77,0,0,191,419,0
58,0,0,133,465,0
74,0,0,184,276,1
33,0,2,170,509,0
40,1,2,126,251,1
44,0,1,99,426,0
54,0,1,181,433,1
54,1,3,112,461,0
76,1,1,173,559,1
49,1,0,133,359,1
67,1,0,185,505,1
64,1,2,190,500,1
61,1,0,152,133,0
58,1,3,152,466,1
